"PK","SK","applicationSubmitted","authMethod","availabilitySearch","availableDays","availableWinterSession","bio","careerFields","careerFieldsSearch","cityState","companyAddress","companyWebsite","createdAt","customIdentities","directoryId","email","experienceDescription","experienceType","firstName","graduationYear","GSI1PK","GSI1SK","GSI2PK","GSI2SK","GSI3PK","GSI3SK","industry","interestedInRecruitment","isDcMetroAccessible","isFederalAgency","isPhysicalOffice","isUmdAlumni","isUmdParent","jobTitle","lastName","location","locationSearch","major","matched","matchedStudentIds","maxStudents","opportunityType","organization","organizationDescription","orientationCompleted","password","permissions","preferredPhone","preferredPrefix","previousHostExperience","registrationData","requiresBackgroundCheck","requiresCitizenship","role","sharedIdentities","status","updatedAt","userId","username","verified","workEmail","workLocation","workLocationAccessibilityUnsure","workPhone","zipCode"
"USER#34e884b8-a051-7030-09a8-f06515cafd56","PROFILE","","","","","","jhalpert@gmail.com","[{""S"":""Business""}]","","jhalpert@gmail.com","jhalpert@gmail.com","https://www.jhalpertgmailcom.com","2025-08-10T19:31:04.600Z","{}","","jhalpert@gmail.com","jhalpert@gmail.com","interview","james","","EMAIL#jhalpert@gmail.com","USER#34e884b8-a051-7030-09a8-f06515cafd56","ROLE#host","USER#34e884b8-a051-7030-09a8-f06515cafd56","","","Business","","","false","false","false","false","jhalpert@gmail.com","halpert","virtual","","","","","","virtual","jhalpert@gmail.com","jhalpert@gmail.com","","","","1234567891","Mr.","false","","false","false","host","[{""S"":""Religion""}]","approved","2025-08-11T07:06:27.711Z","34e884b8-a051-7030-09a8-f06515cafd56","","true","jhalpert@gmail.com","","false","","12345"
"USER#64482458-e0d1-70b7-3ee6-836b3ed953be","PROFILE","","","","","","","","","","","","2025-08-11T10:20:50.832Z","","","dude@gmail.com","","","dude@gmail.com","","EMAIL#dude@gmail.com","USER#64482458-e0d1-70b7-3ee6-836b3ed953be","ROLE#host","USER#64482458-e0d1-70b7-3ee6-836b3ed953be","","","","","","","","","","dude@gmail.com","dude@gmail.com","","","","","","","","dude@gmail.com","","","","","","","","{""opportunityType"":{""S"":""virtual""},""careerFields"":{""L"":[{""S"":""Consulting""}]},""organizationDescription"":{""S"":""dude@gmail.com""},""requiresBackgroundCheck"":{""BOOL"":false},""umdAlumni"":{""BOOL"":false},""umdParent"":{""BOOL"":false},""experienceDescription"":{""S"":""dude@gmail.com""},""requiresCitizenship"":{""BOOL"":false},""additionalInfo"":{""S"":""""},""availableDays"":{""L"":[]}}","","","host","","pending","2025-08-11T10:20:50.832Z","64482458-e0d1-70b7-3ee6-836b3ed953be","","false","","virtual","","123456789",""
"USER#94886438-80f1-7069-b9e4-5b42ba80a305","PROFILE","","","","","","test","[{""S"":""Consulting""}]","","test","test","https://www.strongpassw0rd.com","2025-08-10T20:09:44.017Z","{}","","a@gmail.com","test","interview","a","","EMAIL#a@gmail.com","USER#94886438-80f1-7069-b9e4-5b42ba80a305","ROLE#host","USER#94886438-80f1-7069-b9e4-5b42ba80a305","","","Consulting","","","false","false","false","false","test","a","virtual","","","","","","virtual","]test","test","","","","123456789","None","false","","false","false","host","[{""S"":""Multiracial""}]","","2025-08-10T20:09:44.017Z","94886438-80f1-7069-b9e4-5b42ba80a305","","false","a@gmail.com","","false","","12345"
"USER#6488e458-f0e1-7050-0fe5-8bfec29c24d3","PROFILE","","","","","","","","","","","","2025-08-11T09:59:51.715Z","","","test@gmail.com","","","dheer","","EMAIL#test@gmail.com","USER#6488e458-f0e1-7050-0fe5-8bfec29c24d3","ROLE#host","USER#6488e458-f0e1-7050-0fe5-8bfec29c24d3","","","","","","","","","","Password123","guda","","","","","","","","Password123","","","","","","","","{""opportunityType"":{""S"":""virtual""},""careerFields"":{""L"":[{""S"":""Policy and Advocacy""}]},""organizationDescription"":{""S"":""Password123""},""requiresBackgroundCheck"":{""BOOL"":false},""umdAlumni"":{""BOOL"":false},""umdParent"":{""BOOL"":false},""experienceDescription"":{""S"":""Password123""},""requiresCitizenship"":{""BOOL"":false},""additionalInfo"":{""S"":""""},""availableDays"":{""L"":[]}}","","","host","","pending","2025-08-11T09:59:51.715Z","6488e458-f0e1-7050-0fe5-8bfec29c24d3","","false","","virtual","","Password123",""
"USER#a4b844d8-20e1-700a-2a6b-2f1c0e33debc","PROFILE","","","","","","","","","","","","2025-08-11T09:54:51.104Z","","","dg@gmail.com","","","d","","EMAIL#dg@gmail.com","USER#a4b844d8-20e1-700a-2a6b-2f1c0e33debc","ROLE#host","USER#a4b844d8-20e1-700a-2a6b-2f1c0e33debc","","","","","","","","","","Password123","g","","","","","","","","Password123","","","","","","","","{""opportunityType"":{""S"":""in-person""},""careerFields"":{""L"":[{""S"":""Policy and Advocacy""}]},""organizationDescription"":{""S"":""Password123""},""requiresBackgroundCheck"":{""BOOL"":false},""umdAlumni"":{""BOOL"":false},""umdParent"":{""BOOL"":false},""experienceDescription"":{""S"":""Password123""},""requiresCitizenship"":{""BOOL"":false},""additionalInfo"":{""S"":""""},""availableDays"":{""L"":[]}}","","","host","","pending","2025-08-11T09:54:51.104Z","a4b844d8-20e1-700a-2a6b-2f1c0e33debc","","false","","""Password123, Password123 12345""","","732-268-0687",""
"USER#c4380488-20f1-7032-c9c3-40fa47f018d7","PROFILE","","","","","","","","","","","","2025-08-11T10:07:39.313Z","","","dheer@gmail.com","","","dheer","","EMAIL#dheer@gmail.com","USER#c4380488-20f1-7032-c9c3-40fa47f018d7","ROLE#host","USER#c4380488-20f1-7032-c9c3-40fa47f018d7","","","","","","","","","","Password123","guda","","","","","","","","Password123","","","","","","","","{""opportunityType"":{""S"":""virtual""},""careerFields"":{""L"":[{""S"":""Policy and Advocacy""}]},""organizationDescription"":{""S"":""Password123""},""requiresBackgroundCheck"":{""BOOL"":false},""umdAlumni"":{""BOOL"":false},""umdParent"":{""BOOL"":false},""experienceDescription"":{""S"":""Password123""},""requiresCitizenship"":{""BOOL"":false},""additionalInfo"":{""S"":""""},""availableDays"":{""L"":[]}}","","","host","","pending","2025-08-11T10:07:39.313Z","c4380488-20f1-7032-c9c3-40fa47f018d7","","false","","virtual","","Password123",""
"USER#44685408-50d1-7064-2748-afe6dd907bac","PROFILE","","","","","","","","","","","","2025-08-11T07:38:39.609Z","","","gheetdufa@gmail.com","","","Dheer","","EMAIL#gheetdufa@gmail.com","USER#44685408-50d1-7064-2748-afe6dd907bac","ROLE#host","USER#44685408-50d1-7064-2748-afe6dd907bac","","","","","","","","","","CEO","Guda","","","","","","","","Capital One","","","","","","","","{""opportunityType"":{""S"":""in-person""},""careerFields"":{""L"":[{""S"":""Business""},{""S"":""Consulting""},{""S"":""Communications, Journalism, Media""},{""S"":""Cybersecurity""}]},""organizationDescription"":{""S"":""this is a test""},""requiresBackgroundCheck"":{""BOOL"":false},""umdAlumni"":{""BOOL"":false},""umdParent"":{""BOOL"":false},""experienceDescription"":{""S"":""this is a test""},""requiresCitizenship"":{""BOOL"":true},""additionalInfo"":{""S"":""""},""availableDays"":{""L"":[]}}","","","host","","approved","2025-08-11T07:39:52.593Z","44685408-50d1-7064-2748-afe6dd907bac","","true","","""this is a test, this is a test 12345""","","7322680687",""
"USER#5498a4e8-5031-709c-949a-d2c2f6707435","PROFILE","","","","","","","","","","","","2025-08-11T10:06:18.872Z","","","testingtest@gmail.com","","","testing","","EMAIL#testingtest@gmail.com","USER#5498a4e8-5031-709c-949a-d2c2f6707435","ROLE#host","USER#5498a4e8-5031-709c-949a-d2c2f6707435","","","","","","","","","","testingtest@gmail.com","test","","","","","","","","testingtest@gmail.com","","","","","","","","{""opportunityType"":{""S"":""in-person""},""careerFields"":{""L"":[{""S"":""Business""}]},""organizationDescription"":{""S"":""testingtest@gmail.com""},""requiresBackgroundCheck"":{""BOOL"":false},""umdAlumni"":{""BOOL"":false},""umdParent"":{""BOOL"":false},""experienceDescription"":{""S"":""testingtest@gmail.com""},""requiresCitizenship"":{""BOOL"":false},""additionalInfo"":{""S"":""""},""availableDays"":{""L"":[]}}","","","host","","pending","2025-08-11T10:06:18.872Z","5498a4e8-5031-709c-949a-d2c2f6707435","","false","","""testingtest@gmail.com, testingtest@gmail.com testingtest@gmail.com""","","7322680687",""
"USER#c468b498-60c1-700c-2ae1-995cf6e6d51a","PROFILE","","","","","","this is a test","[{""S"":""Business""},{""S"":""Sales and Marketing""}]","","this is a test","this is a test","https://www.capitalone.com","2025-08-10T19:20:11.555Z","{}","","someone@gmail.com","this is a test","interview","Dheer","","EMAIL#someone@gmail.com","USER#c468b498-60c1-700c-2ae1-995cf6e6d51a","ROLE#host","USER#c468b498-60c1-700c-2ae1-995cf6e6d51a","","","Business","","","false","false","false","false","this is a test","Guda","virtual","","","","","","virtual","Capital One","this is a test","","","","7322680687","Mr.","false","","false","false","host","[{""S"":""LGBTQ+""}]","","2025-08-10T19:20:11.555Z","c468b498-60c1-700c-2ae1-995cf6e6d51a","","false","someone@gmail.com","","false","","12345"
"USER#04a824c8-5061-7062-6c14-97fcd1ac16a9","PROFILE","","","","","","","","","","","","2025-08-11T09:30:34.735Z","","","dheerguda@gmail.com","","","Dheer","","EMAIL#dheerguda@gmail.com","USER#04a824c8-5061-7062-6c14-97fcd1ac16a9","ROLE#host","USER#04a824c8-5061-7062-6c14-97fcd1ac16a9","","","","","","","","","","CEO","Guda","","","","","","","","University of Maryland","","","","","","","","{""opportunityType"":{""S"":""in-person""},""careerFields"":{""L"":[{""S"":""Education""}]},""organizationDescription"":{""S"":""UMD!""},""requiresBackgroundCheck"":{""BOOL"":false},""umdAlumni"":{""BOOL"":false},""umdParent"":{""BOOL"":false},""experienceDescription"":{""S"":""Learning about IFAD!""},""requiresCitizenship"":{""BOOL"":false},""additionalInfo"":{""S"":""""},""availableDays"":{""L"":[]}}","","","host","","pending","2025-08-11T09:30:34.735Z","04a824c8-5061-7062-6c14-97fcd1ac16a9","","false","","""College Park, MD , College Park, MD 20742""","","123-456-7689",""
"USER#a0191752-1a94-403c-9125-4b580baf3d3d","PROFILE","","","","","","","","","","","","2025-07-24T00:40:16.293Z","","","admin@umd.edu","","","System","","EMAIL#admin@umd.edu","USER#a0191752-1a94-403c-9125-4b580baf3d3d","ROLE#admin","USER#a0191752-1a94-403c-9125-4b580baf3d3d","","","","","","","","","","","Administrator","","","","","","","","","","","AdminPass123!","[{""S"":""user_management""},{""S"":""host_approval""},{""S"":""system_settings""},{""S"":""reports""}]","","","","","","","admin","","","2025-07-24T00:40:16.293Z","a0191752-1a94-403c-9125-4b580baf3d3d","","","","","","",""
"USER#c448e4e8-5001-7025-ca87-020e7277ca08","PROFILE","","","","","","","","","","","","2025-08-11T10:09:54.171Z","","","h@gmail.com","","","pls","","EMAIL#h@gmail.com","USER#c448e4e8-5001-7025-ca87-020e7277ca08","ROLE#host","USER#c448e4e8-5001-7025-ca87-020e7277ca08","","","","","","","","","","h@gmail.com","help","","","","","","","","h@gmail.com","","","","","","","","{""opportunityType"":{""S"":""virtual""},""careerFields"":{""L"":[{""S"":""Business""}]},""organizationDescription"":{""S"":""h@gmail.com""},""requiresBackgroundCheck"":{""BOOL"":false},""umdAlumni"":{""BOOL"":false},""umdParent"":{""BOOL"":false},""experienceDescription"":{""S"":""h@gmail.com""},""requiresCitizenship"":{""BOOL"":false},""additionalInfo"":{""S"":""""},""availableDays"":{""L"":[]}}","","","host","","pending","2025-08-11T10:09:54.171Z","c448e4e8-5001-7025-ca87-020e7277ca08","","false","","virtual","","h@gmail.com",""
"USER#e4c83448-e051-70cb-9524-7e1d2019fa44","PROFILE","","","","","","H1me@gmail.com","[{""S"":""Health and Healthcare""}]","","H1me@gmail.com","H1me@gmail.com","https://www.h1megmailcom.com","2025-08-11T04:25:36.593Z","{}","","H1me@gmail.com","H1me@gmail.com","shadowing","help","","EMAIL#H1me@gmail.com","USER#e4c83448-e051-70cb-9524-7e1d2019fa44","ROLE#host","USER#e4c83448-e051-70cb-9524-7e1d2019fa44","","","Health and Healthcare","","true","false","false","false","false","H1me@gmail.com","me","in-person","","","","","","in-person","H1me@gmail.com","H1me@gmail.com","","","","1234567890","None","false","","false","false","host","[{""S"":""(Dis)Ability""}]","","2025-08-11T04:25:36.593Z","e4c83448-e051-70cb-9524-7e1d2019fa44","","false","H1me@gmail.com","","false","","12345"
"USER#a578227f-8c6b-4e33-acb6-21cce62444bf","PROFILE","false","cas","","","","","","","","","","2025-07-24T00:40:16.303Z","","testudent","testudent@umd.edu","","","Test","2025","DIRECTORY_ID#testudent","USER#a578227f-8c6b-4e33-acb6-21cce62444bf","ROLE#student","USER#a578227f-8c6b-4e33-acb6-21cce62444bf","","","","","","","","","","","Student","","","Computer Science","false","","","","","","false","","","","","","","","","student","","","2025-07-24T00:40:16.303Z","a578227f-8c6b-4e33-acb6-21cce62444bf","testudent","","","","","",""
"USER#94d82448-30d1-709a-036c-f63d26dfbdd9","PROFILE","","","","","","","","","","","","2025-08-10T14:16:56Z","","","gudadheer@gmail.com","","","Dheer","","EMAIL#gudadheer@gmail.com","USER#94d82448-30d1-709a-036c-f63d26dfbdd9","ROLE#admin","USER#94d82448-30d1-709a-036c-f63d26dfbdd9","","","","","","","","","","","Guda","","","","","","","","","","","","","","","","","","","admin","","","2025-08-10T14:16:56Z","94d82448-30d1-709a-036c-f63d26dfbdd9","","true","","","","",""
"USER#c4483478-80e1-7088-bf3f-5e23db832d79","PROFILE","","","","","","","","","","","","2025-08-11T06:24:58.104Z","","","help@gmail.com","","","Dheer","","EMAIL#help@gmail.com","USER#c4483478-80e1-7088-bf3f-5e23db832d79","ROLE#host","USER#c4483478-80e1-7088-bf3f-5e23db832d79","","","","","","","","","","asd","Guda","","","","","","","","asd","","","","","","","","{""opportunityType"":{""S"":""virtual""},""careerFields"":{""L"":[{""S"":""Consulting""}]},""organizationDescription"":{""S"":""asd""},""requiresBackgroundCheck"":{""BOOL"":false},""umdAlumni"":{""BOOL"":false},""umdParent"":{""BOOL"":false},""experienceDescription"":{""S"":""sad""},""requiresCitizenship"":{""BOOL"":false},""additionalInfo"":{""S"":""""},""availableDays"":{""L"":[]}}","","","host","","pending","2025-08-11T06:24:58.104Z","c4483478-80e1-7088-bf3f-5e23db832d79","","false","","virtual","","1231231234",""
"USER#4d43b839-a3f4-4fd7-8ab7-44054cfc8511","PROFILE","","","Mon|Tues|Wed|Thurs|Fri","[{""S"":""Mon""},{""S"":""Tues""},{""S"":""Wed""},{""S"":""Thurs""},{""S"":""Fri""}]","true","""Capital One is a leading digital bank that is transforming the banking industry through technology, data, and design. We are building a best-in-class engineering organization.""","[{""S"":""Computing/Computer Science and Technology""},{""S"":""Business""}]","Computing/Computer Science and Technology|Business","""McLean, VA""","1680 Capital One Drive","https://www.capitalone.com","2025-07-24T00:40:15.122Z","","","demo.host@capitalone.com","""Students will shadow a software engineer and participate in team meetings, code reviews, and project planning sessions. They will learn about fintech, cloud computing, and agile development practices.""","shadowing","Demo","","EMAIL#demo.host@capitalone.com","USER#4d43b839-a3f4-4fd7-8ab7-44054cfc8511","ROLE#host","USER#4d43b839-a3f4-4fd7-8ab7-44054cfc8511","OPPORTUNITY#in-person","USER#4d43b839-a3f4-4fd7-8ab7-44054cfc8511","Computing/Computer Science and Technology","true","true","false","true","true","false","Senior Software Engineer","Host","in-person","""McLean, VA|22102""","","","[]","2","in-person","Capital One","""Capital One is a leading digital bank that is transforming the banking industry through technology, data, and design. We are building a best-in-class engineering organization.""","","DemoPass123!","","(555) 123-4567","","false","","false","false","host","[{""S"":""First Generation College Student (former)""}]","","2025-07-24T00:40:15.122Z","4d43b839-a3f4-4fd7-8ab7-44054cfc8511","","false","demo.host@capitalone.com","","","","22102"